{
  "analysis_n": 81,
  "baseline_rows": 82,
  "matched_confidence_n": 82,
  "p_value_two_sided": 0.6823409740577997,
  "spearman_rho": 0.046167845504996675,
  "zero_recovery_n": 66
}
