{
  "denominator": 122,
  "evaluable_complexes": 98,
  "expected_hits": 13.566666666666665,
  "expected_success_rate": 0.11120218579234971
}
